,business_id,google_id,place_id,google_mid,phone_number,name,latitude,longitude,full_address,review_count,rating,timezone,working_hours,website,verified,place_link,cid,reviews_link,owner_id,owner_link,owner_name,booking_link,reservations_link,business_status,type,subtypes,photos_sample,reviews_per_rating,photo_count,about,address,order_link,price_level,district,street_address,city,zipcode,state,country,hotel_location_rating,hotel_amenities,hotel_stars,hotel_review_summary
0,0x8085808b287f3b3b:0xa49802f84f7ddb35,0x8085808b287f3b3b:0xa49802f84f7ddb35,ChIJOzt_KIuAhYARNdt9T_gCmKQ,/m/06618ms,+14154336600,Hilton San Francisco Financial District,37.7952284,-122.40407289999999,"Hilton San Francisco Financial District, 750 Kearny St, San Francisco, CA 94108",4981,3.9,America/Los_Angeles,,https://www.hilton.com/en/hotels/sfofdhf-hilton-san-francisco-financial-district/?SEO_id=GMB-AMER-HH-SFOFDHF&y_source=1_MTIyMDk1Ni03MTUtbG9jYXRpb24ud2Vic2l0ZQ%3D%3D,True,https://www.google.com/maps/place/data=!3m1!4b1!4m2!3m1!1s0x8085808b287f3b3b:0xa49802f84f7ddb35,11860232884188994357,"https://search.google.com/local/reviews?placeid=ChIJOzt_KIuAhYARNdt9T_gCmKQ&q=Hotels+in+San+Francisco,+USA&authuser=0&hl=en&gl=US",112262189677275123944,https://maps.google.com/maps/contrib/112262189677275123944,Hilton San Francisco Financial District,,,OPEN,Hotel,['Hotel'],"[{'photo_id': 'AF1QipPb-WBlq47zGFMjalAgym-w9SvyZY14qbtBA0GJ', 'photo_url': 'https://lh5.googleusercontent.com/p/AF1QipPb-WBlq47zGFMjalAgym-w9SvyZY14qbtBA0GJ', 'photo_url_large': 'https://lh5.googleusercontent.com/p/AF1QipPb-WBlq47zGFMjalAgym-w9SvyZY14qbtBA0GJ=w4500-h3000-k-no', 'video_thumbnail_url': None, 'latitude': 37.795129599999996, 'longitude': -122.40462550000001, 'type': 'photo', 'photo_datetime_utc': '2020-12-07T00:00:00.000Z', 'photo_timestamp': 1607299200}]","{'1': 424, '2': 324, '3': 719, '4': 1451, '5': 2063}",7824,"{'summary': ""Located in San Francisco's financial district, this upscale 27-story hotel is a 1-mile drive from conventions at the Moscone Center and 5 miles' drive from the Golden Gate Bridge. Offering city or bay views, the chic rooms have custom-designed beds, flat-screen TVs and Wi-Fi (fee). Upgraded rooms provide access to a club lounge with free breakfast and evening appetizers. Suites add living areas and minifridges. Room service is available. Amenities include a restaurant, a stylish bar, and a wine bar with access to iPads. A breakfast buffet is offered for a fee. There's also a 24/7 gym, a business center and 20,000 sq ft of meeting space."", 'details': None}","750 Kearny St, San Francisco, CA 94108",,,Chinatown,750 Kearny St,San Francisco,94108,California,US,,,4.0,"{'Rooms': {'score': 2.85, 'summary': ['Rooms had views', 'Some guests commented the rooms were small & dated, and that maintenance could be improved']}, 'Location': {'score': 4.15, 'summary': ['Near the city center & beach; shopping, sightseeing, restaurants & bars nearby', 'Near public transit & the train station', 'Easily accessible by car']}, 'Service & facilities': {'score': 3.1, 'summary': ['Some guests said management could be improved']}}"
1,0x8085808f06760a95:0xb105a58abfc5cb37,0x8085808f06760a95:0xb105a58abfc5cb37,ChIJlQp2Bo-AhYARN8vFv4qlBbE,/g/1tdlhj77,+14157885604,HI San Francisco Downtown Hostel,37.7865146,-122.4095313,"HI San Francisco Downtown Hostel, 312 Mason St, San Francisco, CA 94102",1551,4.4,America/Los_Angeles,,https://www.hiusa.org/find-hostels/california/san-francisco-312-mason-street/?y_source=1_MTAyMTYxNDgyOS03MTUtbG9jYXRpb24ud2Vic2l0ZQ%3D%3D,True,https://www.google.com/maps/place/data=!3m1!4b1!4m2!3m1!1s0x8085808f06760a95:0xb105a58abfc5cb37,12755783534938278711,"https://search.google.com/local/reviews?placeid=ChIJlQp2Bo-AhYARN8vFv4qlBbE&q=Hotels+in+San+Francisco,+USA&authuser=0&hl=en&gl=US",108658999722668233665,https://maps.google.com/maps/contrib/108658999722668233665,HI San Francisco Downtown Hostel,,,OPEN,Hostel,['Hostel'],"[{'photo_id': 'Fk5galW6_hUAAAQqXmX3lw', 'photo_url': 'https://lh3.googleusercontent.com/gps-proxy/ALd4DhGTN47wi9PmDt1ieok0SIndxMqSI2JUgb84BQjLGIeuqzjmL5L1FL6tK125rNb8yOaYjEc5XrwLaP6GCBITlDFbr9wj3RaCZq7XkSMvJbmLtw_IkQLH03s2CuGmivh3CneggJ-QNwDIo65jODGA66_X26T9J2mMgzirFqgzoduBidLYPmNPZYLiw43zJ457wlemBw', 'photo_url_large': 'https://lh3.googleusercontent.com/gps-proxy/ALd4DhGTN47wi9PmDt1ieok0SIndxMqSI2JUgb84BQjLGIeuqzjmL5L1FL6tK125rNb8yOaYjEc5XrwLaP6GCBITlDFbr9wj3RaCZq7XkSMvJbmLtw_IkQLH03s2CuGmivh3CneggJ-QNwDIo65jODGA66_X26T9J2mMgzirFqgzoduBidLYPmNPZYLiw43zJ457wlemBw=w4928-h3264-k-no', 'video_thumbnail_url': None, 'latitude': 37.7864789, 'longitude': -122.40976339999999, 'type': 'photo', 'photo_datetime_utc': '2019-10-06T00:00:00.000Z', 'photo_timestamp': 1570320000}]","{'1': 29, '2': 39, '3': 142, '4': 444, '5': 897}",1934,"{'summary': ""In a classic brick building in the Tenderloin neighborhood, this low-key hostel is a 3-minute walk from Union Square. It's also 2 miles from the San Francisco-Oakland Bay Bridge and 4 miles from the California Academy of Sciences. Bright mixed-gender and single-sex dorms come with shared bathrooms, while private rooms have en suite facilities. All include free Wi-Fi. The property provides free continental breakfast. There's also a a fully equipped kitchen, a contemporary lounge and a media room."", 'details': None}","312 Mason St, San Francisco, CA 94102",,,Union Square,312 Mason St,San Francisco,94102,California,US,,{'Free Wi-Fi': True},3.0,"{'Rooms': {'score': 3.5, 'summary': ['Guests liked the clean rooms, though some said they were dated & maintenance could be improved', 'Rooms had minibars & kitchenettes', 'Guests appreciated the clean bathrooms']}, 'Location': {'score': 4.7, 'summary': ['Near the city center; shopping, sightseeing, restaurants & bars nearby', 'Near public transit, the train station & the airport', 'Easily accessible by car; parking available']}, 'Service & facilities': {'score': 4.55, 'summary': ['Guests appreciated the friendly, professional staff', 'Guests spoke highly of the reception staff']}}"
2,0x808580953b304983:0xf80b9c8c620e6b91,0x808580953b304983:0xf80b9c8c620e6b91,ChIJg0kwO5WAhYARkWsOYoycC_g,/m/04fjw2v,+14154414000,"Holiday Inn San Francisco-Golden Gateway, an IHG Hotel",37.7898079,-122.4219471,"Holiday Inn San Francisco-Golden Gateway, an IHG Hotel, 1500 Van Ness Ave, San Francisco, CA 94109",3315,4.0,America/Los_Angeles,,https://www.ihg.com/holidayinn/hotels/us/en/san-francisco/sfogg/hoteldetail?cm_mmc=GoogleMaps-_-HI-_-US-_-SFOGG,True,https://www.google.com/maps/place/data=!3m1!4b1!4m2!3m1!1s0x808580953b304983:0xf80b9c8c620e6b91,17873551672904412049,"https://search.google.com/local/reviews?placeid=ChIJg0kwO5WAhYARkWsOYoycC_g&q=Hotels+in+San+Francisco,+USA&authuser=0&hl=en&gl=US",110544783501553208813,https://maps.google.com/maps/contrib/110544783501553208813,"Holiday Inn San Francisco-Golden Gateway, an IHG Hotel",,,OPEN,Hotel,"['Hotel', 'Conference center', 'Wedding venue']","[{'photo_id': 'AF1QipM9eoBNS73Bdic-OFTMYGjtNBwXm1oWciKGcwvm', 'photo_url': 'https://lh5.googleusercontent.com/p/AF1QipM9eoBNS73Bdic-OFTMYGjtNBwXm1oWciKGcwvm', 'photo_url_large': 'https://lh5.googleusercontent.com/p/AF1QipM9eoBNS73Bdic-OFTMYGjtNBwXm1oWciKGcwvm=w5242-h3495-k-no', 'video_thumbnail_url': None, 'latitude': 37.7899064, 'longitude': -122.42214669999998, 'type': 'photo', 'photo_datetime_utc': '2024-01-11T00:00:00.000Z', 'photo_timestamp': 1704931200}]","{'1': 198, '2': 141, '3': 421, '4': 1104, '5': 1451}",5345,"{'summary': ""This straightforward high-rise hotel is 1 mile from Union Square and the Civic Center BART station, 2 miles from Fisherman's Wharf, and 14 miles from San Francisco International Airport. Relaxed rooms have free Wi-Fi and flat-screen TVs, along with desks and minifridges. Suites have separate living areas and pull-out sofas. Kids stay with an adult for no charge. Evening room service is available. A casual restaurant serves California-inspired cuisine (kids 12 and under eat free). Other amenities include a bar, an outdoor heated pool and 24-hour gym, plus 18,000 sq ft of meeting space. Parking is available for a fee."", 'details': None}","1500 Van Ness Ave, San Francisco, CA 94109",,,Polk Gulch,1500 Van Ness Ave,San Francisco,94109,California,US,,{'Free Wi-Fi': True},3.0,"{'Rooms': {'score': 4, 'summary': ['Rooms had views', 'Guests liked the clean rooms, though some said they were dated & maintenance could be improved']}, 'Location': {'score': 4.35, 'summary': ['Near the city center; shopping, sightseeing, restaurants & bars nearby', 'Near public transit', 'Easily accessible by car']}, 'Service & facilities': {'score': 3.8, 'summary': ['Guests appreciated the friendly, professional staff', 'Guests enjoyed the pool & fitness center']}}"
3,0x808580e35111d5f7:0x34b0de1453599ed0,0x808580e35111d5f7:0x34b0de1453599ed0,ChIJ99URUeOAhYAR0J5ZUxTesDQ,/g/11b7rk6vql,+14156176565,Hotel Zephyr San Francisco,37.8077617,-122.4132228,"Hotel Zephyr San Francisco, 250 Beach St, San Francisco, CA 94133",3618,4.2,America/Los_Angeles,,https://www.hotelzephyrsf.com,True,https://www.google.com/maps/place/data=!3m1!4b1!4m2!3m1!1s0x808580e35111d5f7:0x34b0de1453599ed0,3796778664752422608,"https://search.google.com/local/reviews?placeid=ChIJ99URUeOAhYAR0J5ZUxTesDQ&q=Hotels+in+San+Francisco,+USA&authuser=0&hl=en&gl=US",118298361001972493318,https://maps.google.com/maps/contrib/118298361001972493318,Hotel Zephyr San Francisco,,,OPEN,Hotel,['Hotel'],"[{'photo_id': 'AF1QipP_O55x7gOwR3AaM09CVmzEUude9wMHMPwc--yp', 'photo_url': 'https://lh5.googleusercontent.com/p/AF1QipP_O55x7gOwR3AaM09CVmzEUude9wMHMPwc--yp', 'photo_url_large': 'https://lh5.googleusercontent.com/p/AF1QipP_O55x7gOwR3AaM09CVmzEUude9wMHMPwc--yp=w2048-h1294-k-no', 'video_thumbnail_url': None, 'latitude': 37.8076036, 'longitude': -122.41317569999998, 'type': 'photo', 'photo_datetime_utc': '2020-11-23T00:00:00.000Z', 'photo_timestamp': 1606089600}]","{'1': 179, '2': 138, '3': 363, '4': 1043, '5': 1895}",5333,"{'summary': ""A 3-minute walk from Pier 41 in the Fisherman's Wharf district on San Francisco Bay, this hip, nautical-themed hotel is a mile from the Exploratorium museum and 5 miles from the Golden Gate Bridge. Bright, sophisticated rooms offer free Wi-Fi and smart TVs, plus minifridges and coffeemakers. Upgraded rooms add balconies, some with bay and wharf views. The 1- and 2-bedroom suites feature floor-to-ceiling windows and sitting areas. Amenities include a colorful gym, and an airy, contemporary lounge/game room with a pool table, as well as a furnished terrace with fire pits, seating and sculptures. Parking is available for a fee."", 'details': None}","250 Beach St, San Francisco, CA 94133",,,Fisherman's Wharf,250 Beach St,San Francisco,94133,California,US,,{'Free Wi-Fi': True},4.0,"{'Rooms': {'score': 3.1, 'summary': ['Rooms had views', 'Some guests said the bathrooms were small & cleanliness could be improved']}, 'Location': {'score': 4.45, 'summary': ['Near the city center & beach; shopping, sightseeing, restaurants & bars nearby', 'Near public transit & the train station']}, 'Service & facilities': {'score': 4.3, 'summary': ['Guests appreciated the friendly, professional staff', 'Guests spoke highly of the reception staff']}}"
4,0x808f7fd7b11f85eb:0xe038cf2fa5dfaed0,0x808f7fd7b11f85eb:0xe038cf2fa5dfaed0,ChIJ64Ufsdd_j4AR0K7fpS_POOA,/g/11gw2rczd6,+14157672000,Hyatt Place San Francisco / Downtown,37.778855899999996,-122.39241349999999,"Hyatt Place San Francisco / Downtown, 701 3rd St, San Francisco, CA 94107",621,4.3,America/Los_Angeles,,https://www.hyatt.com/hyatt-place/en-US/sfozs-hyatt-place-san-francisco-downtown/?src=corp_lclb_gmb_seo_sfozs,True,https://www.google.com/maps/place/data=!3m1!4b1!4m2!3m1!1s0x808f7fd7b11f85eb:0xe038cf2fa5dfaed0,16156891466744966864,"https://search.google.com/local/reviews?placeid=ChIJ64Ufsdd_j4AR0K7fpS_POOA&q=Hotels+in+San+Francisco,+USA&authuser=0&hl=en&gl=US",110353988623264733423,https://maps.google.com/maps/contrib/110353988623264733423,Hyatt Place San Francisco / Downtown,,,OPEN,Hotel,['Hotel'],"[{'photo_id': 'https://i.giatamedia.com/m.php?m=AQABAAAAla4KAElqhQYFACXiSRSSxc_CD-_FWgFzTVE', 'photo_url': 'https://lh3.googleusercontent.com/gps-proxy/ALd4DhG3QmarPW8Y3aGVrgpEseYUBfVjbZc8t1lw4NEhlHRCjzeEBQbjMkkUCPNrIqOdwedQ0B21LOh5BHTm0gVP6pxKWXx5j-6bUU7PtcVohZglggNsJ76-zqFPiGD7bs3XER0ANj7Wd4quwkMQFi7KXlI9oWUWeX_UD3Dtk1-vhk7n1DClf4B7Jm2uew', 'photo_url_large': 'https://lh3.googleusercontent.com/gps-proxy/ALd4DhG3QmarPW8Y3aGVrgpEseYUBfVjbZc8t1lw4NEhlHRCjzeEBQbjMkkUCPNrIqOdwedQ0B21LOh5BHTm0gVP6pxKWXx5j-6bUU7PtcVohZglggNsJ76-zqFPiGD7bs3XER0ANj7Wd4quwkMQFi7KXlI9oWUWeX_UD3Dtk1-vhk7n1DClf4B7Jm2uew=w3239-h2160-k-no', 'video_thumbnail_url': None, 'latitude': 37.7787298, 'longitude': -122.39261309999999, 'type': 'photo', 'photo_datetime_utc': '2024-02-13T00:00:00.000Z', 'photo_timestamp': 1707782400}]","{'1': 31, '2': 34, '3': 39, '4': 151, '5': 366}",815,"{'summary': ""A 2-minute walk from a tram stop, this relaxed hotel is 5 minutes on foot from baseball games at Oracle Park and a 14-minute stroll from the San Francisco Museum of Modern Art. Bright, informal rooms come with complimentary Wi-Fi and flat-screen TVs, plus minifridges, coffeemakers and safes. Suites add sitting areas with sofabeds. Breakfast and valet parking are available for a fee. There's a cafe/bar and a 24-hour snack shop, as well as a business center and a gym."", 'details': None}","701 3rd St, San Francisco, CA 94107",,,China Basin,701 3rd St,San Francisco,94107,California,US,,"{'Free Wi-Fi': True, 'Free breakfast': True}",3.0,"{'Rooms': {'score': 3.8, 'summary': ['Guests liked the clean, updated rooms, though some said maintenance could be improved', 'Rooms had views', 'Guests appreciated the large bathrooms']}, 'Location': {'score': 3.65, 'summary': ['Near the city center; shopping, sightseeing, restaurants & bars nearby', 'Near public transit & the train station']}, 'Service & facilities': {'score': 4.6, 'summary': ['Guests appreciated the friendly, professional staff', 'Guests spoke highly of the reception staff, though some said housekeeping could be improved', 'Guests enjoyed the fitness center']}}"
5,0x8085809fc4fc0517:0xf2c0977c72dfaab0,0x8085809fc4fc0517:0xf2c0977c72dfaab0,ChIJFwX8xJ-AhYARsKrfcnyXwPI,/g/1trxkhnx,+14156216775,San Francisco Central Hotel,37.7720017,-122.422066,"San Francisco Central Hotel, 1707 Market St, San Francisco, CA 94103",1360,2.7,America/Los_Angeles,,https://www.sanfranciscocentralhotel.com,True,https://www.google.com/maps/place/data=!3m1!4b1!4m2!3m1!1s0x8085809fc4fc0517:0xf2c0977c72dfaab0,17492147513466006192,"https://search.google.com/local/reviews?placeid=ChIJFwX8xJ-AhYARsKrfcnyXwPI&q=Hotels+in+San+Francisco,+USA&authuser=0&hl=en&gl=US",108874057081560021767,https://maps.google.com/maps/contrib/108874057081560021767,San Francisco Central Hotel,,,OPEN,Hotel,"['Hotel', 'Lodge', 'Motel']","[{'photo_id': 'AF1QipP72yeAP3_9WxoliWO6ltwNTIf8lh5KbYgHjE-W', 'photo_url': 'https://lh5.googleusercontent.com/p/AF1QipP72yeAP3_9WxoliWO6ltwNTIf8lh5KbYgHjE-W', 'photo_url_large': 'https://lh5.googleusercontent.com/p/AF1QipP72yeAP3_9WxoliWO6ltwNTIf8lh5KbYgHjE-W=w2057-h961-k-no', 'video_thumbnail_url': None, 'latitude': 37.7721576, 'longitude': -122.42261230000001, 'type': 'photo', 'photo_datetime_utc': '2023-05-06T00:00:00.000Z', 'photo_timestamp': 1683331200}]","{'1': 441, '2': 187, '3': 290, '4': 223, '5': 219}",637,"{'summary': 'A 3-mile drive from Twin Peaks park, this straightforward hotel is 3.5 miles from Alcatraz Island and a 5.1-mile drive from Golden Gate Park. The relaxed rooms offer free Wi-Fi, flat-screen TVs and coffeemakers. Suites add sitting areas with pull-out sofas, and some have minifridges. Kids age 17 and under stay free with an adult. Continental breakfast is complimentary. Parking is available for a fee.', 'details': None}","1707 Market St, San Francisco, CA 94103",,,SoMa,1707 Market St,San Francisco,94103,California,US,,{'Free Wi-Fi': True},2.0,"{'Rooms': {'score': 2.5, 'summary': ['Some guests noted the rooms could be quieter & beds could be improved', 'Some guests mentioned the bathrooms could be improved']}, 'Location': {'score': 4.1, 'summary': ['Parking available']}, 'Service & facilities': {'score': 3.35, 'summary': ['Some guests said reception could be improved']}}"
6,0x808f7e23c3180f83:0x243cc4b9f0e0e19b,0x808f7e23c3180f83:0x243cc4b9f0e0e19b,ChIJgw8YwyN-j4ARm-Hg8LnEPCQ,/g/11b6dgr7lk,+14157839914,1906 Mission,37.7664882,-122.4200128,"1906 Mission, 1906 Mission St, San Francisco, CA 94103",160,4.3,America/Los_Angeles,,https://www.1906mission.com/?y_source=1_MjUxMzUxNzQtNzE1LWxvY2F0aW9uLndlYnNpdGU%3D,True,https://www.google.com/maps/place/data=!3m1!4b1!4m2!3m1!1s0x808f7e23c3180f83:0x243cc4b9f0e0e19b,2611178186857308571,"https://search.google.com/local/reviews?placeid=ChIJgw8YwyN-j4ARm-Hg8LnEPCQ&q=Hotels+in+San+Francisco,+USA&authuser=0&hl=en&gl=US",108732752484138017756,https://maps.google.com/maps/contrib/108732752484138017756,1906 Mission,,,OPEN,Extended stay hotel,"['Extended stay hotel', 'Hotel']","[{'photo_id': 'AF1QipOmgmYTZqB-dYx2vI83_nVVRckER4-PCCGHnLJj', 'photo_url': 'https://lh5.googleusercontent.com/p/AF1QipOmgmYTZqB-dYx2vI83_nVVRckER4-PCCGHnLJj', 'photo_url_large': 'https://lh5.googleusercontent.com/p/AF1QipOmgmYTZqB-dYx2vI83_nVVRckER4-PCCGHnLJj=w1296-h864-k-no', 'video_thumbnail_url': None, 'latitude': 37.7665462, 'longitude': -122.41984149999999, 'type': 'photo', 'photo_datetime_utc': '2021-09-18T00:00:00.000Z', 'photo_timestamp': 1631923200}]","{'1': 12, '2': 5, '3': 10, '4': 27, '5': 106}",327,"{'summary': 'Set in the Mission District, this updated Victorian B&B is a 2-minute walk from a BART rapid transit station and 5 miles from Golden Gate Park. The 6 understated rooms feature custom headboards and desks, as well as free Wi-Fi and flat-screen TVs. Chic shared bathrooms feature rainfall showerheads. Amenities include continental breakfast, a guest lounge and an outdoor patio.', 'details': None}","1906 Mission St, San Francisco, CA 94103",,,Mission District,1906 Mission St,San Francisco,94103,California,US,,{'Free Wi-Fi': True},2.0,"{'Rooms': {'score': 3.55, 'summary': ['Guests appreciated the large, clean bathrooms', 'Guests liked the clean rooms, though some commented maintenance could be improved']}, 'Location': {'score': 3.8, 'summary': ['Near public transit']}, 'Service & facilities': {'score': 2.7, 'summary': ['Guests liked management & housekeeping, though some said reception staff could be improved', 'Guests appreciated the friendly staff']}}"
7,0x8085817127f2b383:0xdd49da7ad2496f3b,0x8085817127f2b383:0xdd49da7ad2496f3b,ChIJg7PyJ3GBhYARO29J0nraSd0,/g/11q7fdq_c9,+14152783700,1 Hotel San Francisco,37.7935866,-122.39305399999999,"1 Hotel San Francisco, 8 Mission St, San Francisco, CA 94105",163,4.3,America/Los_Angeles,,https://www.1hotels.com/san-francisco,True,https://www.google.com/maps/place/data=!3m1!4b1!4m2!3m1!1s0x8085817127f2b383:0xdd49da7ad2496f3b,15945516176730844987,"https://search.google.com/local/reviews?placeid=ChIJg7PyJ3GBhYARO29J0nraSd0&q=Hotels+in+San+Francisco,+USA&authuser=0&hl=en&gl=US",111713034375071705075,https://maps.google.com/maps/contrib/111713034375071705075,1 Hotel San Francisco,,,OPEN,Hotel,['Hotel'],"[{'photo_id': 'https://d2hyz2bfif3cr8.cloudfront.net/imageRepo/7/0/150/54/714/1_Hotel_SF_-_Coastal_Priaire_Terrace_O.jpg', 'photo_url': 'https://lh3.googleusercontent.com/gps-proxy/ALd4DhEmJj6FzDC_aXMCEGfzm9MWRWkCxPQ2Ud19AsUnjxDufPEWVZBbQ1sDE9Lshq17fhE0d7EGLg-r0SGTVOsWU7Wa4vSipsHW9Gi8n4m9Z-PBwigbdxkoo8Hq-ewazbQITxS8JDiOJBYtFF-O1eC1jxMz6KUV_wbNMmbHdsq5oKwOLjBtljMAwsV2-w', 'photo_url_large': 'https://lh3.googleusercontent.com/gps-proxy/ALd4DhEmJj6FzDC_aXMCEGfzm9MWRWkCxPQ2Ud19AsUnjxDufPEWVZBbQ1sDE9Lshq17fhE0d7EGLg-r0SGTVOsWU7Wa4vSipsHW9Gi8n4m9Z-PBwigbdxkoo8Hq-ewazbQITxS8JDiOJBYtFF-O1eC1jxMz6KUV_wbNMmbHdsq5oKwOLjBtljMAwsV2-w=w3000-h2275-k-no', 'video_thumbnail_url': None, 'latitude': 37.793481, 'longitude': -122.39289279999998, 'type': 'photo', 'photo_datetime_utc': '2022-12-03T00:00:00.000Z', 'photo_timestamp': 1670025600}]","{'1': 11, '2': 9, '3': 12, '4': 24, '5': 107}",633,"{'summary': 'A block from the bay and facing the San Francisco–Oakland Bay Bridge, this eco-chic hotel is 5 minutes’ walk from Embarcadero BART station. Furnished with reclaimed wood, the stylish rooms provide Wi-Fi, TVs and Nespresso machines, plus yoga mats. Some upgraded rooms have city, bay or bridge views. Suites add living areas, sofabeds and/or balconies. Room service is available. A farm-to-table restaurant/bar features ingredients from an on-site garden. There’s also a spa with rooftop soaking tubs, and a gym that has Peloton bikes and personal trainers. Breakfast and valet parking are available, as are fitness and yoga classes.', 'details': None}","8 Mission St, San Francisco, CA 94105",,,Financial District,8 Mission St,San Francisco,94105,California,US,,{'Free Wi-Fi': True},5.0,
8,0x808f7e1dd012759b:0x8b74db373802e477,0x808f7e1dd012759b:0x8b74db373802e477,ChIJm3US0B1-j4ARd-QCODfbdIs,/g/1tf48cwh,+14158632909,Twin Peaks Hotel - San Francisco,37.766804,-122.43025,"Twin Peaks Hotel - San Francisco, 2160 Market St, San Francisco, CA 94114",222,3.5,America/Los_Angeles,,http://www.twinpeakshotel.us,False,https://www.google.com/maps/place/data=!3m1!4b1!4m2!3m1!1s0x808f7e1dd012759b:0x8b74db373802e477,10048897698779817079,"https://search.google.com/local/reviews?placeid=ChIJm3US0B1-j4ARd-QCODfbdIs&q=Hotels+in+San+Francisco,+USA&authuser=0&hl=en&gl=US",117249711155688985954,https://maps.google.com/maps/contrib/117249711155688985954,Twin Peaks Hotel - San Francisco,,,OPEN,Hotel,['Hotel'],"[{'photo_id': 'https://dynamic-media-cdn.tripadvisor.com/media/photo-o/12/19/65/5f/twin-peaks-hotel.jpg', 'photo_url': 'https://lh3.googleusercontent.com/gps-proxy/ALd4DhELhvNK4VjKbOgG9fvGPBXuGdoA6kifZxa_n2db0TXpvM2kxgLkp3l_aw1HrZkhUGMQn0ODr3qGJtRnGiXPA4mocn6R_0wQfNULLLR5w9jyMM8CKTSIeTACfbaLEI3PpkYXoa81HsuHCEnYf0-kHlTaEfM9CsNU6mhfdbYhzI1Tl1-AVCmrHlLJ', 'photo_url_large': 'https://lh3.googleusercontent.com/gps-proxy/ALd4DhELhvNK4VjKbOgG9fvGPBXuGdoA6kifZxa_n2db0TXpvM2kxgLkp3l_aw1HrZkhUGMQn0ODr3qGJtRnGiXPA4mocn6R_0wQfNULLLR5w9jyMM8CKTSIeTACfbaLEI3PpkYXoa81HsuHCEnYf0-kHlTaEfM9CsNU6mhfdbYhzI1Tl1-AVCmrHlLJ=w1280-h720-k-no', 'video_thumbnail_url': None, 'latitude': 37.766726899999995, 'longitude': -122.4301079, 'type': 'photo', 'photo_datetime_utc': '2024-03-10T00:00:00.000Z', 'photo_timestamp': 1710028800}]","{'1': 22, '2': 34, '3': 49, '4': 52, '5': 65}",76,"{'summary': ""Set in the Castro District, this modest, adults-only budget hotel is a minute's walk from a tram stop, 14 minutes' walk from Mission Dolores Park and 2 miles from Union Square. The straightforward rooms come with complimentary Wi-Fi and satellite TV (some flat-screens), as well as city views and shared bathrooms. Upgraded rooms add en suite facilities. There's a basic lobby sitting area."", 'details': None}","2160 Market St, San Francisco, CA 94114",,,Duboce Triangle,2160 Market St,San Francisco,94114,California,US,,{'Free Wi-Fi': True},2.0,"{'Rooms': {'score': 2.6, 'summary': ['Guests liked the clean rooms, though some said they were small & dated & maintenance could be improved', 'Guests appreciated the clean bathrooms']}, 'Location': {'score': 4.8, 'summary': ['Shopping, sightseeing, restaurants & bars nearby', 'Near public transit']}, 'Service & facilities': {'score': 4.45, 'summary': ['Guests appreciated the friendly, professional staff', 'Guests spoke highly of management & reception']}}"
9,0x8085808d10b86437:0xcf0541d7a109ef4,0x8085808d10b86437:0xcf0541d7a109ef4,ChIJN2S4EI2AhYAR9J4Qeh1U8Aw,/m/02r9zvl,+14157725000,Fairmont San Francisco,37.7923897,-122.4104443,"Fairmont San Francisco, 950 Mason St, San Francisco, CA 94108",6343,4.5,America/Los_Angeles,,https://www.fairmont.com/san-francisco/?goto=fiche_hotel&code_hotel=A576&merchantid=seo-maps-US-A576&sourceid=aw-cen&y_source=1_MTIzNjEzOTItNzE1LWxvY2F0aW9uLndlYnNpdGU%3D,True,https://www.google.com/maps/place/data=!3m1!4b1!4m2!3m1!1s0x8085808d10b86437:0xcf0541d7a109ef4,932337608444387060,"https://search.google.com/local/reviews?placeid=ChIJN2S4EI2AhYAR9J4Qeh1U8Aw&q=Hotels+in+San+Francisco,+USA&authuser=0&hl=en&gl=US",117001312999071631829,https://maps.google.com/maps/contrib/117001312999071631829,Fairmont San Francisco,,,OPEN,Hotel,"['Hotel', 'Restaurant']","[{'photo_id': 'https://photos.hotelbeds.com/giata/original/01/016379/016379a_hb_a_032.jpg', 'photo_url': 'https://lh3.googleusercontent.com/gps-proxy/ALd4DhG8erb7Rf12LstsSQ7dvIbMl-Yji47Q-_ubbf5MORiknVpPpe4yj2ThpffOFM1xc2r_2nOk7PrUuAigj8FSTFkTNEoQZu58qJCzVW1FfoU9VJzVjIWSWtKz_tjg7I-Aq640jE9OUEezgstp-BbBuFGVnz_Q2AgrEnbNNPfFuHgWMp-lulwRgIh6', 'photo_url_large': 'https://lh3.googleusercontent.com/gps-proxy/ALd4DhG8erb7Rf12LstsSQ7dvIbMl-Yji47Q-_ubbf5MORiknVpPpe4yj2ThpffOFM1xc2r_2nOk7PrUuAigj8FSTFkTNEoQZu58qJCzVW1FfoU9VJzVjIWSWtKz_tjg7I-Aq640jE9OUEezgstp-BbBuFGVnz_Q2AgrEnbNNPfFuHgWMp-lulwRgIh6=w3840-h2560-k-no', 'video_thumbnail_url': None, 'latitude': 37.792405099999996, 'longitude': -122.41076289999998, 'type': 'photo', 'photo_datetime_utc': '2022-02-19T00:00:00.000Z', 'photo_timestamp': 1645228800}]","{'1': 147, '2': 137, '3': 375, '4': 1330, '5': 4354}",23784,"{'summary': ""Occupying a landmark Nob Hill building offering views of the city and the bay, this grand hotel is a 13-minute walk from Union Square, and 1.3 miles from the shops and restaurants at lively Pier 39. Polished rooms offer designer toiletries and Keurig coffeemakers, plus flat-screen TVs and Wi-Fi (fee); some have pull-out sofas and/or bay views. Plush suites add separate living areas; some have balconies, pool tables or wet bars. Room service is available. There's a fine-dining restaurant serving afternoon tea, a tiki bar with live entertainment, and a European-inspired cafe. Other amenities include a health club (fee) with trainers and a spa."", 'details': None}","950 Mason St, San Francisco, CA 94108",,,Nob Hill,950 Mason St,San Francisco,94108,California,US,,,4.0,"{'Rooms': {'score': 3.55, 'summary': ['Rooms had views', 'Guests liked the large rooms, though some said they were dated & cleanliness & maintenance could be improved', 'Some guests said the bathrooms were small & cleanliness could be improved']}, 'Location': {'score': 4.3, 'summary': ['Near the city center; shopping, sightseeing, restaurants & bars nearby', 'Near public transit']}, 'Service & facilities': {'score': 3.8, 'summary': ['Guests appreciated the friendly, professional staff', 'Guests spoke highly of housekeeping', 'Conference space']}}"
10,0x808580dc73e2d4b1:0xe783a0bf02625fa3,0x808580dc73e2d4b1:0xe783a0bf02625fa3,ChIJsdTic9yAhYARo19iAr-gg-c,/g/11b77l5068,+14159281000,Marina Inn,37.801018899999995,-122.42941839999999,"Marina Inn, 3110 Octavia St, San Francisco, CA 94123",400,3.1,America/Los_Angeles,,https://www.marinainn.com,True,https://www.google.com/maps/place/data=!3m1!4b1!4m2!3m1!1s0x808580dc73e2d4b1:0xe783a0bf02625fa3,16682354186949648291,"https://search.google.com/local/reviews?placeid=ChIJsdTic9yAhYARo19iAr-gg-c&q=Hotels+in+San+Francisco,+USA&authuser=0&hl=en&gl=US",101457809224002079817,https://maps.google.com/maps/contrib/101457809224002079817,Marina Inn,,,OPEN,Hotel,['Hotel'],"[{'photo_id': 'https://photos.hotelbeds.com/giata/original/34/340246/340246a_hb_a_061.jpg', 'photo_url': 'https://lh3.googleusercontent.com/gps-proxy/ALd4DhFhDBqJieAn0Xk0FMm0IuIEaVMNfC-7bDgjbUl2n2wl9PmpHoxXRlCSXKG2YNUFMWFSu-Qs-TnqaSXEw8xjjW7WbTtdt_LZLyDL1lnj5PRjmjMhED_nSg9Z02y95nL8md6nwRUykHt2yWtZvtLJNY4xzkjdLzcgJ1QA4uHgXKN-0LDC6yE7mx8e', 'photo_url_large': 'https://lh3.googleusercontent.com/gps-proxy/ALd4DhFhDBqJieAn0Xk0FMm0IuIEaVMNfC-7bDgjbUl2n2wl9PmpHoxXRlCSXKG2YNUFMWFSu-Qs-TnqaSXEw8xjjW7WbTtdt_LZLyDL1lnj5PRjmjMhED_nSg9Z02y95nL8md6nwRUykHt2yWtZvtLJNY4xzkjdLzcgJ1QA4uHgXKN-0LDC6yE7mx8e=w1024-h768-k-no', 'video_thumbnail_url': None, 'latitude': 37.8009106, 'longitude': -122.42953740000002, 'type': 'photo', 'photo_datetime_utc': '2020-10-10T00:00:00.000Z', 'photo_timestamp': 1602288000}]","{'1': 100, '2': 46, '3': 75, '4': 86, '5': 93}",421,"{'summary': ""Set in a 1920's building in the colorful Marina District, this budget hotel is 1 mile from vibrant Fisherman's Wharf, and 4 miles from both the Golden Gate Bridge and the historic prison on Alcatraz Island. The straightforward rooms have traditional furnishings, and feature Wi-Fi, TVs and private bathrooms. Some have bay windows and day beds. The hotel serves free continental breakfast. There's also a barber shop and a nail salon. Children age 5 and under stay at no extra charge."", 'details': None}","3110 Octavia St, San Francisco, CA 94123",,,Marina District,3110 Octavia St,San Francisco,94123,California,US,,{'Free Wi-Fi': True},2.0,"{'Rooms': {'score': 1.9, 'summary': ['Guests liked the large rooms, though some said they were dated & cleanliness & maintenance could be improved', 'Some guests mentioned bathroom cleanliness could be improved']}, 'Location': {'score': 4.45, 'summary': ['Shopping & sightseeing nearby']}, 'Service & facilities': {'score': 3.15, 'summary': ['Guests appreciated the professional staff']}}"
11,0x808580e3e4855531:0x3857d7b376b459f2,0x808580e3e4855531:0x3857d7b376b459f2,ChIJMVWF5OOAhYAR8lm0drPXVzg,/g/11hzhyrdsm,+16505024200,Hotel Caza Fisherman’s Wharf,37.806317199999995,-122.41834089999999,"Hotel Caza Fisherman’s Wharf, 1300 Columbus Ave, San Francisco, CA 94133",1178,4.3,America/Los_Angeles,,https://www.hotelcaza.com,True,https://www.google.com/maps/place/data=!3m1!4b1!4m2!3m1!1s0x808580e3e4855531:0x3857d7b376b459f2,4059950754888440306,"https://search.google.com/local/reviews?placeid=ChIJMVWF5OOAhYAR8lm0drPXVzg&q=Hotels+in+San+Francisco,+USA&authuser=0&hl=en&gl=US",109144993687795514003,https://maps.google.com/maps/contrib/109144993687795514003,Hotel Caza Fisherman’s Wharf,,,OPEN,Hotel,['Hotel'],"[{'photo_id': 'AF1QipOoViFgF2VHsxTMpTZOfO-ZtDZ0dR_clOCYj9as', 'photo_url': 'https://lh5.googleusercontent.com/p/AF1QipOoViFgF2VHsxTMpTZOfO-ZtDZ0dR_clOCYj9as', 'photo_url_large': 'https://lh5.googleusercontent.com/p/AF1QipOoViFgF2VHsxTMpTZOfO-ZtDZ0dR_clOCYj9as=w2880-h1922-k-no', 'video_thumbnail_url': None, 'latitude': 37.806269799999995, 'longitude': -122.41834719999999, 'type': 'photo', 'photo_datetime_utc': '2020-04-13T00:00:00.000Z', 'photo_timestamp': 1586736000}]","{'1': 77, '2': 36, '3': 91, '4': 237, '5': 737}",1246,"{'summary': ""Among eateries in the bustling Fisherman's Wharf area along San Francisco Bay, this modern hotel is less than a mile from Pier 33 for ferries to Alcatraz Island, a former prison with audio tours. It's 17 miles from San Francisco International Airport. Chic, streamlined rooms have Wi-Fi and flat-screen TVs. Upgraded rooms offer city or bay views. Suites provide sitting areas. Amenities include a relaxed bar, an outdoor pool, a game room and a fitness room. There are also regular movie screenings. Snacks, breakfast and parking are available."", 'details': None}","1300 Columbus Ave, San Francisco, CA 94133",,,Fisherman's Wharf,1300 Columbus Ave,San Francisco,94133,California,US,,,4.0,"{'Rooms': {'score': 3.05, 'summary': ['Guests liked the large, clean rooms, though some commented maintenance could be improved', 'Guests liked the comfortable beds', 'Some guests said the bathrooms were small & cleanliness could be improved']}, 'Location': {'score': 4.45, 'summary': ['Near the city center & beach; shopping, sightseeing, restaurants & bars nearby', 'Near public transit']}, 'Service & facilities': {'score': 4.25, 'summary': ['Guests appreciated the friendly staff', 'Guests spoke highly of the reception staff & housekeeping']}}"
12,0x808f7e23730ba545:0xe4ac82e6b76d1c43,0x808f7e23730ba545:0xe4ac82e6b76d1c43,ChIJRaULcyN-j4ARQxxtt-aCrOQ,/g/1yg4fbmvs,+14155520547,Union Hotel,37.7645148,-122.41981129999999,"Union Hotel, 2030 Mission St, San Francisco, CA 94110",214,3.5,America/Los_Angeles,,,True,https://www.google.com/maps/place/data=!3m1!4b1!4m2!3m1!1s0x808f7e23730ba545:0xe4ac82e6b76d1c43,16477689064073272387,"https://search.google.com/local/reviews?placeid=ChIJRaULcyN-j4ARQxxtt-aCrOQ&q=Hotels+in+San+Francisco,+USA&authuser=0&hl=en&gl=US",117442906010363193844,https://maps.google.com/maps/contrib/117442906010363193844,Union Hotel,,,OPEN,Hotel,"['Hotel', 'Hostel']","[{'photo_id': 'https://dynamic-media-cdn.tripadvisor.com/media/photo-o/0a/71/09/52/union-hotel.jpg', 'photo_url': 'https://lh3.googleusercontent.com/gps-proxy/ALd4DhE_EIL-i_paKRdyb1u816BOfVvS__ZcLfDDfFJARB48uxo35DBZ2i2nIi5hQxEJk89lXhNwq9gjQkdMwgpoUQQv8tpzMYf0yDu1kLZIOq9JPcLx2QMhJZgl39Bu9zjO4IKN9c_4q0uxwqb7P_suHztXiMmnSADq9Z_COlW39uW7cucPKi6AXEr9', 'photo_url_large': 'https://lh3.googleusercontent.com/gps-proxy/ALd4DhE_EIL-i_paKRdyb1u816BOfVvS__ZcLfDDfFJARB48uxo35DBZ2i2nIi5hQxEJk89lXhNwq9gjQkdMwgpoUQQv8tpzMYf0yDu1kLZIOq9JPcLx2QMhJZgl39Bu9zjO4IKN9c_4q0uxwqb7P_suHztXiMmnSADq9Z_COlW39uW7cucPKi6AXEr9=w1125-h1500-k-no', 'video_thumbnail_url': None, 'latitude': 37.7644954, 'longitude': -122.41964519999999, 'type': 'photo', 'photo_datetime_utc': '2024-03-08T00:00:00.000Z', 'photo_timestamp': 1709856000}]","{'1': 33, '2': 35, '3': 29, '4': 35, '5': 82}",222,"{'summary': ""Set in the vibrant Mission District, this straightforward, family-run hotel is a minute's walk from a BART station, a mile from grand San Francisco City Hall and 2 miles from Twin Peaks, a hilltop park offering city views. Featuring flat-screen TVs, the simply decorated rooms also come with complimentary Wi-Fi and shared bathrooms. There's 24-hour reception."", 'details': None}","2030 Mission St, San Francisco, CA 94110",,,Mission District,2030 Mission St,San Francisco,94110,California,US,,,2.0,"{'Rooms': {'score': 1.3, 'summary': ['Guests liked the quiet rooms']}, 'Location': {'score': 2.3}, 'Service & facilities': {'score': 4.3}}"
13,0x808580e479d5abc9:0xadf9038ca78011ef,0x808580e479d5abc9:0xadf9038ca78011ef,ChIJyavVeeSAhYAR7xGAp4wD-a0,/g/1tdmvvqv,+14154094600,"Holiday Inn Express & Suites San Francisco Fishermans Wharf, an IHG Hotel",37.806703999999996,-122.4163468,"Holiday Inn Express & Suites San Francisco Fishermans Wharf, an IHG Hotel, 550 North Point St, San Francisco, CA 94133",1733,4.2,America/Los_Angeles,,https://www.ihg.com/holidayinnexpress/hotels/us/en/san-francisco/sfonp/hoteldetail?cm_mmc=GoogleMaps-_-EX-_-US-_-SFONP,True,https://www.google.com/maps/place/data=!3m1!4b1!4m2!3m1!1s0x808580e479d5abc9:0xadf9038ca78011ef,12536054940402979311,"https://search.google.com/local/reviews?placeid=ChIJyavVeeSAhYAR7xGAp4wD-a0&q=Hotels+in+San+Francisco,+USA&authuser=0&hl=en&gl=US",104995565332002082846,https://maps.google.com/maps/contrib/104995565332002082846,"Holiday Inn Express & Suites San Francisco Fishermans Wharf, an IHG Hotel",,,OPEN,Hotel,"['Hotel', 'Conference center', 'Wedding venue']","[{'photo_id': 'AF1QipPlC-9vyC0QalpzUyuoFhjIaDEruzLcBnF7N01A', 'photo_url': 'https://lh5.googleusercontent.com/p/AF1QipPlC-9vyC0QalpzUyuoFhjIaDEruzLcBnF7N01A', 'photo_url_large': 'https://lh5.googleusercontent.com/p/AF1QipPlC-9vyC0QalpzUyuoFhjIaDEruzLcBnF7N01A=w2048-h1365-k-no', 'video_thumbnail_url': None, 'latitude': 37.8062675, 'longitude': -122.4162351, 'type': 'photo', 'photo_datetime_utc': '2020-03-27T00:00:00.000Z', 'photo_timestamp': 1585267200}]","{'1': 61, '2': 58, '3': 169, '4': 592, '5': 853}",1475,"{'summary': ""This modern hotel in Fisherman's Wharf is a 3-minute walk from the Taylor St. & Bay St. cable car station and 2.9 miles from Alcatraz Island, a notorious prison-turned-museum. The relaxed rooms come with free Wi-Fi and flat-screen TVs, along with minifridges and coffeemakers. Suites add kitchenettes, and separate living areas with pull-out sofas. A free hot breakfast buffet is served in an airy breakfast room. Additional amenities include a gym and a business center."", 'details': None}","550 North Point St, San Francisco, CA 94133",,,Fisherman's Wharf,550 North Point St,San Francisco,94133,California,US,,"{'Free Wi-Fi': True, 'Free breakfast': True}",3.0,"{'Rooms': {'score': 4, 'summary': ['Guests liked the large, clean rooms, though some commented maintenance could be improved', 'Guests liked the large bathrooms, though some said cleanliness could be improved']}, 'Location': {'score': 4.5, 'summary': ['Shopping, sightseeing, restaurants & bars nearby', 'Near public transit', 'Easily accessible by car']}, 'Service & facilities': {'score': 2.6, 'summary': ['Guests appreciated the friendly, professional staff', 'Guests spoke highly of the reception staff & housekeeping, though some said management could be improved']}}"
14,0x808580973a822225:0x3decd666c45012d5,0x808580973a822225:0x3decd666c45012d5,ChIJJSKCOpeAhYAR1RJQxGbW7D0,/g/1q62bknv9,+14158759762,HOTEL EPIK,37.783377699999996,-122.4190672,"HOTEL EPIK, 706 Polk St, San Francisco, CA 94109",668,3.8,America/Los_Angeles,,,True,https://www.google.com/maps/place/data=!3m1!4b1!4m2!3m1!1s0x808580973a822225:0x3decd666c45012d5,4462177067685909205,"https://search.google.com/local/reviews?placeid=ChIJJSKCOpeAhYAR1RJQxGbW7D0&q=Hotels+in+San+Francisco,+USA&authuser=0&hl=en&gl=US",108549617439292360242,https://maps.google.com/maps/contrib/108549617439292360242,HOTEL EPIK,,,OPEN,Hotel,['Hotel'],"[{'photo_id': 'AF1QipO4LkdH6R6kPOW2tI8nf1o6H1BKmbuZAmIKVQaC', 'photo_url': 'https://lh5.googleusercontent.com/p/AF1QipO4LkdH6R6kPOW2tI8nf1o6H1BKmbuZAmIKVQaC', 'photo_url_large': 'https://lh5.googleusercontent.com/p/AF1QipO4LkdH6R6kPOW2tI8nf1o6H1BKmbuZAmIKVQaC=w2120-h1188-k-no', 'video_thumbnail_url': None, 'latitude': 37.783301099999996, 'longitude': -122.41922599999998, 'type': 'photo', 'photo_datetime_utc': '2017-11-23T00:00:00.000Z', 'photo_timestamp': 1511395200}]","{'1': 75, '2': 32, '3': 94, '4': 228, '5': 239}",444,"{'summary': 'Set in a brick building near hip boutiques and buzzing bars, this funky hotel is an 11-minute walk from the closest BART station, a mile from Union Square and 2 miles from the famously crooked Lombard Street. Featuring parquet floors and bold, colorful accents, the modern rooms offer free Wi-Fi, flat-screen TVs and iPod docks, plus Nespresso machines. Suites add separate living rooms with pull-out sofas. Amenities include a retro lobby lounge with board games and classic arcade games, along with a snack bar and a convenience store.', 'details': None}","706 Polk St, San Francisco, CA 94109",,,Tenderloin,706 Polk St,San Francisco,94109,California,US,,{'Free Wi-Fi': True},,"{'Rooms': {'score': 3, 'summary': ['Guests liked the clean, updated rooms, though some said they were small & maintenance could be improved']}, 'Location': {'score': 2}, 'Service & facilities': {'score': 3.25}}"
15,0x808f7e396f9e9ac9:0x95fc15c7227dd240,0x808f7e396f9e9ac9:0x95fc15c7227dd240,ChIJyZqebzl-j4ARQNJ9IscV_JU,/g/1thx48l2,+18003590913,Inn San Francisco,37.7580944,-122.4165306,"Inn San Francisco, 943 S Van Ness Ave, San Francisco, CA 94110",293,4.9,America/Los_Angeles,,http://www.innsf.com,True,https://www.google.com/maps/place/data=!3m1!4b1!4m2!3m1!1s0x808f7e396f9e9ac9:0x95fc15c7227dd240,10807537150803694144,"https://search.google.com/local/reviews?placeid=ChIJyZqebzl-j4ARQNJ9IscV_JU&q=Hotels+in+San+Francisco,+USA&authuser=0&hl=en&gl=US",116070570349612738084,https://maps.google.com/maps/contrib/116070570349612738084,Inn San Francisco,,,OPEN,Bed & breakfast,"['Bed & breakfast', 'Hotel', 'Inn']","[{'photo_id': '23f2k86PqacAAAQfCQpscQ', 'photo_url': 'https://lh3.googleusercontent.com/gps-proxy/ALd4DhEzpDTxUMbbTiRSPSKY4HZ3YDgzvB0RTAYxrI0iaAyqsQ3qPyXdpw-muWCdG9E5HMTmr5npreHFExFTxx1nYLTZdGPlbMSWGuBxT8N6ZX9kE-04qs8xupYUAO2vX07iJRDynqqnEYP9gsRwxRHXJa9zGNYVxw3--Y7RNN3vC1saQy50SUujtPe3FZVjZXsaExFptA', 'photo_url_large': 'https://lh3.googleusercontent.com/gps-proxy/ALd4DhEzpDTxUMbbTiRSPSKY4HZ3YDgzvB0RTAYxrI0iaAyqsQ3qPyXdpw-muWCdG9E5HMTmr5npreHFExFTxx1nYLTZdGPlbMSWGuBxT8N6ZX9kE-04qs8xupYUAO2vX07iJRDynqqnEYP9gsRwxRHXJa9zGNYVxw3--Y7RNN3vC1saQy50SUujtPe3FZVjZXsaExFptA=w4699-h3131-k-no', 'video_thumbnail_url': None, 'latitude': 37.758077, 'longitude': -122.41683259999999, 'type': 'photo', 'photo_datetime_utc': '2019-10-06T00:00:00.000Z', 'photo_timestamp': 1570320000}]","{'1': 0, '2': 1, '3': 6, '4': 25, '5': 261}",969,"{'summary': 'This Victorian B&B dating from 1872 is a 10-minute walk from a BART rail station and less than a mile from the lively Castro area and the family-oriented Noe Valley neighborhood. Cozy, antiques-filled rooms, most with en suite bathrooms, feature free Wi-Fi and feather beds. Other amenities range from TVs to decorative fireplaces. A cottage adds a whirlpool tub, kitchen and living room. Room service is available. A free buffet breakfast is served daily in an ornate dining room. Other amenities include a hot tub in the flower-filled English garden, as well as a rooftop sundeck with panoramic city views. Limited parking is available (fee).', 'details': None}","943 S Van Ness Ave, San Francisco, CA 94110",,,Mission District,943 S Van Ness Ave,San Francisco,94110,California,US,,"{'Free Wi-Fi': True, 'Free breakfast': True}",2.0,"{'Rooms': {'score': 4.05, 'summary': ['Rooms had views', 'Guests liked the clean rooms, though some commented they were small & dated']}, 'Location': {'score': 4.5, 'summary': ['Shopping, restaurants & bars nearby']}, 'Service & facilities': {'score': 4.85, 'summary': ['Guests appreciated the friendly, professional staff', 'Guests spoke highly of management & reception']}}"
16,0x808581b43424c2e5:0xdb2a4d113edc8096,0x808581b43424c2e5:0xdb2a4d113edc8096,ChIJ5cIkNLSBhYARloDcPhFNKts,/g/11r9vb9bny,+14152998992,Calista Organic Hotel,37.788427,-122.4215806,"94109 California, San Francisco, Bush St, Calista Organic Hotel",435,3.9,America/Los_Angeles,,,False,https://www.google.com/maps/place/data=!3m1!4b1!4m2!3m1!1s0x808581b43424c2e5:0xdb2a4d113edc8096,15792519779792486550,"https://search.google.com/local/reviews?placeid=ChIJ5cIkNLSBhYARloDcPhFNKts&q=Hotels+in+San+Francisco,+USA&authuser=0&hl=en&gl=US",106037588176288657201,https://maps.google.com/maps/contrib/106037588176288657201,Calista Organic Hotel,,,OPEN,Hotel,['Hotel'],"[{'photo_id': 'https://images.trvl-media.com/lodging/13000000/12680000/12671300/12671293/2e622b0f_z.jpg', 'photo_url': 'https://lh3.googleusercontent.com/gps-proxy/ALd4DhEbicd5I0ZKNPyJIcsgTI6sR2NK6o6e7Y7EvunEZdlAbCuEe8EsYbpGh72zQfUfROu_AnLDmC8QT3Wew7C5QBR4rApe7X3czT10WsWYMCWMXzrl3vb-d6gUXAvjuME3abIFwB_zJVgJ65X-jYOZG7dRvNVpdhdCn6xWI6YXffXJZAd2Z_nqfus', 'photo_url_large': 'https://lh3.googleusercontent.com/gps-proxy/ALd4DhEbicd5I0ZKNPyJIcsgTI6sR2NK6o6e7Y7EvunEZdlAbCuEe8EsYbpGh72zQfUfROu_AnLDmC8QT3Wew7C5QBR4rApe7X3czT10WsWYMCWMXzrl3vb-d6gUXAvjuME3abIFwB_zJVgJ65X-jYOZG7dRvNVpdhdCn6xWI6YXffXJZAd2Z_nqfus=w1000-h750-k-no', 'video_thumbnail_url': None, 'latitude': 37.788540999999995, 'longitude': -122.4215888, 'type': 'photo', 'photo_datetime_utc': '2023-03-10T00:00:00.000Z', 'photo_timestamp': 1678406400}]","{'1': 100, '2': 16, '3': 7, '4': 11, '5': 301}",261,,"1485 Bush St, San Francisco, CA 94109",,,Lower Nob Hill,1485 Bush St,San Francisco,94109,California,US,,{'Free Wi-Fi': True},3.0,"{'Rooms': {'score': 1.9, 'summary': ['Some guests commented cleanliness & maintenance could be improved', 'Some guests noted the beds could be improved', 'Some guests mentioned the bathrooms could be improved']}, 'Location': {'score': 3.7}, 'Service & facilities': {'score': 2.1, 'summary': ['Some guests said reception could be improved']}}"
17,0x808580e166e8b0bd:0x87b43e19fad148d7,0x808580e166e8b0bd:0x87b43e19fad148d7,ChIJvbDoZuGAhYAR10jR-hk-tIc,/m/04fjytq,+14157753800,Courtyard by Marriott San Francisco Fisherman's Wharf,37.807053599999996,-122.4182555,"Courtyard by Marriott San Francisco Fisherman's Wharf, 580 Beach St, San Francisco, CA 94133",577,4.2,America/Los_Angeles,,https://www.marriott.com/en-us/hotels/sfocf-courtyard-san-francisco-fishermans-wharf/overview/?scid=f2ae0541-1279-4f24-b197-a979c79310b0,True,https://www.google.com/maps/place/data=!3m1!4b1!4m2!3m1!1s0x808580e166e8b0bd:0x87b43e19fad148d7,9778508972231313623,"https://search.google.com/local/reviews?placeid=ChIJvbDoZuGAhYAR10jR-hk-tIc&q=Hotels+in+San+Francisco,+USA&authuser=0&hl=en&gl=US",111476084551998297323,https://maps.google.com/maps/contrib/111476084551998297323,Courtyard by Marriott San Francisco Fisherman's Wharf,,,OPEN,Hotel,"['Hotel', 'Meeting planning service']","[{'photo_id': 'https://photos.hotelbeds.com/giata/original/34/341682/341682a_hb_a_011.jpg', 'photo_url': 'https://lh3.googleusercontent.com/gps-proxy/ALd4DhE8StMsJpiHGIa4YCTY3XjwNqEJNTu_ytfEwBOVijuPE3susDin5fNu60M10PA_jjgI7puumY4hdfRGzUIsbENPCCB40qfZ4M3S7MFF9I0PBcOqvLZlzCs-u1Fp7bv4trg4ZoqM3-kWJdT3RfLERH-AJsqygDfpOZ5U24cShVm6USACQ8U2dDL2', 'photo_url_large': 'https://lh3.googleusercontent.com/gps-proxy/ALd4DhE8StMsJpiHGIa4YCTY3XjwNqEJNTu_ytfEwBOVijuPE3susDin5fNu60M10PA_jjgI7puumY4hdfRGzUIsbENPCCB40qfZ4M3S7MFF9I0PBcOqvLZlzCs-u1Fp7bv4trg4ZoqM3-kWJdT3RfLERH-AJsqygDfpOZ5U24cShVm6USACQ8U2dDL2=w3761-h2817-k-no', 'video_thumbnail_url': None, 'latitude': 37.8069357, 'longitude': -122.4184781, 'type': 'photo', 'photo_datetime_utc': '2023-12-09T00:00:00.000Z', 'photo_timestamp': 1702080000}]","{'1': 23, '2': 18, '3': 68, '4': 190, '5': 278}",359,"{'summary': ""Set in Fisherman's Wharf, this hotel is a 10-minute walk from Pier 39 and 1.1 miles from Coit Tower. Contemporary-styled rooms offer free WiFi, desks with ergonomic chairs, flat-screen TVs with premium cable channels, minifridges and coffeemakers. Suites add separate living areas and sofabeds. Social spaces include a living room-style lobby and an outdoor courtyard. The American restaurant serves breakfast as well as all-day drinks, including Starbucks coffee. There's also a 24/7 business center with workstations and printers, and an exercise room."", 'details': None}","580 Beach St, San Francisco, CA 94133",,,Fisherman's Wharf,580 Beach St,San Francisco,94133,California,US,,{'Free Wi-Fi': True},3.0,"{'Rooms': {'score': 4.35, 'summary': ['Guests liked the large, clean rooms, though some said they were dated & maintenance could be improved', 'Guests liked the comfortable beds', 'Guests appreciated the bathrooms']}, 'Location': {'score': 4.65, 'summary': ['Near the beach; shopping, sightseeing, restaurants & bars nearby', 'Near public transit', 'Easily accessible by car']}, 'Service & facilities': {'score': 4.35, 'summary': ['Guests spoke highly of the reception staff & housekeeping', 'Guests appreciated the professional staff']}}"
18,0x8085809ed0f241f7:0x4b87b077d61491fb,0x8085809ed0f241f7:0x4b87b077d61491fb,ChIJ90Hy0J6AhYAR-5EU1newh0s,/g/11c3svtw90,+14154310567,Oak Hotel,37.7759472,-122.4207794,"Oak Hotel, 171 Fell St, San Francisco, CA 94102",285,3.2,America/Los_Angeles,,https://oak.hotelsofsanfrancisco.com,True,https://www.google.com/maps/place/data=!3m1!4b1!4m2!3m1!1s0x8085809ed0f241f7:0x4b87b077d61491fb,5442512703439802875,"https://search.google.com/local/reviews?placeid=ChIJ90Hy0J6AhYAR-5EU1newh0s&q=Hotels+in+San+Francisco,+USA&authuser=0&hl=en&gl=US",108742520941835500374,https://maps.google.com/maps/contrib/108742520941835500374,Oak Hotel,,,OPEN,Hotel,['Hotel'],"[{'photo_id': 'https://dynamic-media-cdn.tripadvisor.com/media/photo-o/14/a3/e0/c2/oak-hotel.jpg', 'photo_url': 'https://lh3.googleusercontent.com/gps-proxy/ALd4DhEyfSQDjDBdY-hn0udEzHiREjHvTBHagyfTPJRZ45HAMFr9QsZHBzjZXjCTRgacvBIrrajqfHZ6heQOhgmbTS-lJdxpm80-IeVB3DTT10DZMHdvlzueRKInfGySd6OmJjHCCd1aNfm-wbr10guDrjAW242Zoef2jOup12Zy2btwiM4xArG-n9kw', 'photo_url_large': 'https://lh3.googleusercontent.com/gps-proxy/ALd4DhEyfSQDjDBdY-hn0udEzHiREjHvTBHagyfTPJRZ45HAMFr9QsZHBzjZXjCTRgacvBIrrajqfHZ6heQOhgmbTS-lJdxpm80-IeVB3DTT10DZMHdvlzueRKInfGySd6OmJjHCCd1aNfm-wbr10guDrjAW242Zoef2jOup12Zy2btwiM4xArG-n9kw=w2560-h1536-k-no', 'video_thumbnail_url': None, 'latitude': 37.7762102, 'longitude': -122.4208226, 'type': 'photo', 'photo_datetime_utc': '2024-03-09T00:00:00.000Z', 'photo_timestamp': 1709942400}]","{'1': 53, '2': 48, '3': 54, '4': 60, '5': 70}",210,"{'summary': ""Within 5 minutes' walk of shops and eateries, this humble hotel along a leafy street in Hayes Valley is 2 minutes' walk from a light rail station and 7 minutes' walk from the grand City Hall, which offers tours. The unpretentious rooms come with complimentary Wi-Fi, flat-screen TVs, minifridges and microwaves; bathrooms are shared. Some feature colorful accents. Upgraded rooms provide tea and coffeemaking facilities."", 'details': None}","171 Fell St, San Francisco, CA 94102",,,Civic Center,171 Fell St,San Francisco,94102,California,US,,{'Free Wi-Fi': True},3.0,"{'Rooms': {'score': 1.75, 'summary': ['Some guests said the bathrooms were small & cleanliness could be improved', 'Some guests said the rooms were small, and that cleanliness & maintenance could be improved']}, 'Location': {'score': 4.2, 'summary': ['Near public transit']}, 'Service & facilities': {'score': 4.1, 'summary': ['Guests appreciated the friendly, professional staff', 'Guests spoke highly of the reception staff']}}"
19,0x808f98ad957ec05d:0xd259148fd7fbbe99,0x808f98ad957ec05d:0xd259148fd7fbbe99,ChIJXcB-la2Yj4ARmb77148UWdI,/g/1tf1p1vd,+16505989000,Grand Bay Hotel San Francisco,37.5237321,-122.2606531,"Grand Bay Hotel San Francisco, 223 Twin Dolphin Dr, Redwood City, CA 94065",2135,4.1,America/Los_Angeles,,https://grandbayhotelsf.com,True,https://www.google.com/maps/place/data=!3m1!4b1!4m2!3m1!1s0x808f98ad957ec05d:0xd259148fd7fbbe99,15157168628928593561,"https://search.google.com/local/reviews?placeid=ChIJXcB-la2Yj4ARmb77148UWdI&q=Hotels+in+San+Francisco,+USA&authuser=0&hl=en&gl=US",114286358918740104488,https://maps.google.com/maps/contrib/114286358918740104488,Grand Bay Hotel San Francisco,,,OPEN,Hotel,['Hotel'],"[{'photo_id': 'AF1QipMl0m2Hli8x-_XqWLda_0ioIIfv1A9r_PjZXh2h', 'photo_url': 'https://lh5.googleusercontent.com/p/AF1QipMl0m2Hli8x-_XqWLda_0ioIIfv1A9r_PjZXh2h', 'photo_url_large': 'https://lh5.googleusercontent.com/p/AF1QipMl0m2Hli8x-_XqWLda_0ioIIfv1A9r_PjZXh2h=w4784-h3814-k-no', 'video_thumbnail_url': None, 'latitude': 37.5237258, 'longitude': -122.2607519, 'type': 'photo', 'photo_datetime_utc': '2023-05-03T00:00:00.000Z', 'photo_timestamp': 1683072000}]","{'1': 123, '2': 117, '3': 234, '4': 623, '5': 1038}",3233,"{'summary': ""Overlooking a lagoon, this contemporary hotel is 5.8 miles from shopping and dining in downtown San Mateo and 10 miles from San Francisco International Airport. Refined rooms offer WiFi (surcharge), flat-screen TVs and coffeemakers. Some rooms have water or mountain views. Suites add Bose sound systems and separate sitting areas. The restaurant serves California-inspired French cuisine, and the modern lobby has a chic bar. There's also an outdoor pool, an exercise room and 19 meeting rooms."", 'details': None}","223 Twin Dolphin Dr, Redwood City, CA 94065",,,Redwood Shores,223 Twin Dolphin Dr,Redwood City,94065,California,US,,{'Free Wi-Fi': True},4.0,"{'Rooms': {'score': 3.15, 'summary': ['Guests liked the large rooms, though some said they were dated & cleanliness & maintenance could be improved', 'Rooms had views', 'Some guests mentioned bathroom cleanliness could be improved']}, 'Location': {'score': 3.45, 'summary': ['Shopping nearby', 'Near the airport']}, 'Service & facilities': {'score': 3.35, 'summary': ['Guests appreciated the friendly staff', 'Guests spoke highly of housekeeping, though some said management could be improved']}}"
